Recipe,Ingredients
"Grapefruit, carrot & apple juice","½ a grapefruit
1 apple
3 medium carrots"
Apple and Pear Chips recipes,"1 apple
1 pear
3/4 cup sugar"
To-Go Apple & Cheese,"1 apple toaster pop, toasted
1 light string-cheese stick
1 small apple"
Apple Sandwiches recipes,"1 apple, thinly sliced horizontally
2 tablespoons almond butter
2 tablespoons granola"
Sage & Apple Scones,"100.0g wholemeal flour
1 apple , coarsely grated
1½ tbsp chopped sage
150.0g plain flour
2.0 tsp baking powder
1.0 tbsp sugar
1 egg
75.0g butter"
Apple Lager,"1 shot apple brandy
1 (12-ounce) bottle lager style beer, ice cold
1 apple wedge"
Apple Jacks Crispy Treats,"2 tbsp. butter
1 package marshmallows (10 oz.)
6 c. Apple Jacks
1 apple, diced"
Tasty Apple Dessert,"1 apple, peeled and sliced
1/2 teaspoon brown sugar
1/4 teaspoon ground cinnamon
1 teaspoon butter substitute"
Apple Sangria,"1 bottle of pinot noir
1 Teaspoon cinnamon
1 lemon, sliced
5 Ounces triple sec
1 apple, cut into 1-inch cubes
1 Cup Concord grapes
5 Ounces apple brandy
1/2 Teaspoon nutmeg
21 Ounces apple juice
1 orange, sliced"
Pb And Coconut Apple Halves,"1 apple, halved
1 teaspoon peanut butter
1 teaspoon unsweetened shredded toasted coconut"
